https://genesys.wd1.myworkdayjobs.com/job/Virtual-Office-Telangana/Enterprise-Architect_JR109894	Genesys	Enterprise Architect	Virtual Office (Telangana)	workday-api-genesys-Genesys	2026-04-27
https://genesys.wd1.myworkdayjobs.com/job/North-Carolina-USA/Sr-Services-Engagement-Director_JR110841-1	Genesys	Sr. Services Engagement Director	26 Locations	workday-api-genesys-Genesys	2026-04-27
https://genesys.wd1.myworkdayjobs.com/job/Vimercate-Flexible/Strategic-Global-Alliances-Director_JR110785-1	Genesys	Strategic Global Alliances Director	Vimercate (Flexible)	workday-api-genesys-Genesys	2026-04-27
https://genesys.wd1.myworkdayjobs.com/job/Riyadh-Flexible/PS-Project-Manager_JR109139-2	Genesys	PS Project Manager - CX & AI Transformation	Riyadh (Flexible)	workday-api-genesys-Genesys	2026-04-27
https://genesys.wd1.myworkdayjobs.com/job/Amsterdam-Flexible/Director-Customer-Success_JR110447-2	Genesys	Director Customer Success	3 Locations	workday-api-genesys-Genesys	2026-04-27
https://genesys.wd1.myworkdayjobs.com/job/Virtual-Office-California/HR-Share-Services--Director_JR110250-1	Genesys	Director, HR Shared Services	3 Locations	workday-api-genesys-Genesys	2026-04-27
https://genesys.wd1.myworkdayjobs.com/job/North-Carolina-USA/Senior-Director--Experience-Acceleration_JR110362	Genesys	Senior Director, Experience Acceleration	5 Locations	workday-api-genesys-Genesys	2026-04-27
https://genesys.wd1.myworkdayjobs.com/job/Indiana-USA/Director--Web-Engineering_JR110198	Genesys	Director, Web Engineering	3 Locations	workday-api-genesys-Genesys	2026-04-27
https://genesys.wd1.myworkdayjobs.com/job/Florida-USA/Senior-Account-Executive--BPO-Public-Sector-Sales_JR110571	Genesys	Senior Account Executive, BPO Public Sector Sales	3 Locations	workday-api-genesys-Genesys	2026-04-27
https://genesys.wd1.myworkdayjobs.com/job/Washington-DC-USA/Sr-Services-Engagement-Director_JR109766-1	Genesys	Sr. Services Engagement Director, Public Sector	12 Locations	workday-api-genesys-Genesys	2026-04-27
https://genesys.wd1.myworkdayjobs.com/job/Frankfurt-Flexible/Product-Marketing-Director--EMEA_JR109897-1	Genesys	Product Marketing Director, EMEA	Frankfurt (Flexible)	workday-api-genesys-Genesys	2026-04-27
https://www.five9.com/about/careers/job-detail?gh_jid=5833299004	Five9	Channel Development Director	United States (Remote)	greenhouse-api-five9	2026-04-27
https://www.five9.com/about/careers/job-detail?gh_jid=5524826004	Five9	Commercial Account Director	San Ramon, CA (Hybrid)	greenhouse-api-five9	2026-04-27
https://www.five9.com/about/careers/job-detail?gh_jid=5835102004	Five9	Commercial Sales Account Director (San Francisco)	San Francisco, CA (Hybrid)	greenhouse-api-five9	2026-04-27
https://www.five9.com/about/careers/job-detail?gh_jid=5825398004	Five9	Director, Employment & Litigation Counsel	United States (Remote)	greenhouse-api-five9	2026-04-27
https://www.five9.com/about/careers/job-detail?gh_jid=5680919004	Five9	Director, Enterprise Customer Success Management	United States (Remote)	greenhouse-api-five9	2026-04-27
https://www.five9.com/about/careers/job-detail?gh_jid=5257782004	Five9	Enterprise Sales Account Director	United States (Remote)	greenhouse-api-five9	2026-04-27
https://www.five9.com/about/careers/job-detail?gh_jid=5424945004	Five9	Enterprise Sales Director - Great Plains	United States (Remote)	greenhouse-api-five9	2026-04-27
https://www.five9.com/about/careers/job-detail?gh_jid=5727068004	Five9	Enterprise Sales Director - Midwest/Mid-Atlantic	United States (Remote)	greenhouse-api-five9	2026-04-27
https://www.five9.com/about/careers/job-detail?gh_jid=5481517004	Five9	Enterprise Sales Director - Northeast	United States (Remote)	greenhouse-api-five9	2026-04-27
https://www.five9.com/about/careers/job-detail?gh_jid=5642987004	Five9	Enterprise Sales Director - Pacific Northwest   	United States (Remote)	greenhouse-api-five9	2026-04-27
https://www.five9.com/about/careers/job-detail?gh_jid=5482466004	Five9	Enterprise Sales Director - Southeast	United States (Remote)	greenhouse-api-five9	2026-04-27
https://www.five9.com/about/careers/job-detail?gh_jid=5492530004	Five9	Enterprise Sales Director - TOLA (Texas)	United States (Remote)	greenhouse-api-five9	2026-04-27
https://www.five9.com/about/careers/job-detail?gh_jid=5763360004	Five9	Enterprise Sales Director - West	United States (Remote)	greenhouse-api-five9	2026-04-27
https://www.five9.com/about/careers/job-detail?gh_jid=5445070004	Five9	Mid-Market Account Director	United States (Remote)	greenhouse-api-five9	2026-04-27
https://www.five9.com/about/careers/job-detail?gh_jid=5812890004	Five9	Mid-Market Sales Director	San Francisco, CA (Hybrid)	greenhouse-api-five9	2026-04-27
https://www.five9.com/about/careers/job-detail?gh_jid=5816559004	Five9	Mid-Market Sales Director (Remote)	United States (Remote)	greenhouse-api-five9	2026-04-27
https://www.five9.com/about/careers/job-detail?gh_jid=4965099004	Five9	Mid-Market Sales Director (San Ramon)	San Ramon, CA (Hybrid)	greenhouse-api-five9	2026-04-27
https://www.five9.com/about/careers/job-detail?gh_jid=5811077004	Five9	Product Management Director – Outbound Contact Center Solutions	United States (Remote)	greenhouse-api-five9	2026-04-27
https://www.five9.com/about/careers/job-detail?gh_jid=5820346004	Five9	Senior Director, Business Development	United States (Remote)	greenhouse-api-five9	2026-04-27
https://www.five9.com/about/careers/job-detail?gh_jid=5789226004	Five9	Senior Director, Field & Partner Marketing 	United States (Remote)	greenhouse-api-five9	2026-04-27
https://www.five9.com/about/careers/job-detail?gh_jid=5896849004	Five9	Senior Director, IT Business Applications (Delivery) 	San Ramon, CA (Hybrid)	greenhouse-api-five9	2026-04-27
https://www.five9.com/about/careers/job-detail?gh_jid=5590960004	Five9	Senior Mid-Market Account Director	United States (Remote)	greenhouse-api-five9	2026-04-27
https://www.five9.com/about/careers/job-detail?gh_jid=5430777004	Five9	Strategic Sales Director - Midwest/Southeast	United States (Remote)	greenhouse-api-five9	2026-04-27
https://job-boards.greenhouse.io/twilio/jobs/7848921	Twilio	HRBP Director, Global Sales 	Remote - US	greenhouse-api-twilio	2026-04-27
https://ringcentral.wd1.myworkdayjobs.com/job/Belmont-California/AI-Product-Marketing-Director_R077416	RingCentral	Director, AI Product Marketing	Belmont, California	workday-api-ringcentral-RingCentral_Careers	2026-04-27
https://ringcentral.wd1.myworkdayjobs.com/job/Belmont-California/Senior-Manager--Revenue-FP-A_R077680	RingCentral	Senior Manager/Director, Revenue FP&A	Belmont, California	workday-api-ringcentral-RingCentral_Careers	2026-04-27
https://ringcentral.wd1.myworkdayjobs.com/job/Remote-New-York/Director--Immigration-Counsel_R077833	RingCentral	Director, Immigration Counsel	Remote New York	workday-api-ringcentral-RingCentral_Careers	2026-04-27
https://ringcentral.wd1.myworkdayjobs.com/job/Belmont-California/Senior-Manager--FP-A_R077262	RingCentral	Director, FP&A	Belmont, California	workday-api-ringcentral-RingCentral_Careers	2026-04-27
https://ringcentral.wd1.myworkdayjobs.com/job/Belmont-California/Director--IT-Infrastructure--Full-Time--Multiple-Openings-_R077792	RingCentral	Director, IT Infrastructure (Full Time; Multiple Openings)	Belmont, California	workday-api-ringcentral-RingCentral_Careers	2026-04-27
https://job-boards.greenhouse.io/celonis/jobs/7627021003?gh_jid=7627021003	Celonis	Partner Sales Director - US Public Sector	Remote, US, Virginia	greenhouse-api-celonis	2026-04-27
https://job-boards.greenhouse.io/celonis/jobs/7711291003?gh_jid=7711291003	Celonis	 Principal Enterprise Architect (public sector)	Remote, US, Washington DC	greenhouse-api-celonis	2026-04-27
https://fis.wd5.myworkdayjobs.com/job/US-NY-NYC-OVA-FLR62/Sr-Director--Strategy---Planning---Client-Office_JR0306429	FIS Global	Sr. Director, Strategy & Planning - Client Office	US NY NYC OVA FLR62	workday-api-fis-SearchJobs	2026-04-27
https://fis.wd5.myworkdayjobs.com/job/US-NY-NYC-OVA-FLR62/Pre-Sales-Representative-Sr-Lead--Solutions-Architecture_JR0306572	FIS Global	Pre-Sales Representative Sr Lead, Solutions Architecture	2 Locations	workday-api-fis-SearchJobs	2026-04-27
https://fis.wd5.myworkdayjobs.com/job/US-WI-MKE-4900/Sr-Director--Commercial-Product-Management_JR0306358	FIS Global	Sr Director, Commercial Product Management	US WI MKE 4900	workday-api-fis-SearchJobs	2026-04-27
https://fis.wd5.myworkdayjobs.com/job/US-FL-JAX-347/Senior-Director-of-Engineering--Front-End-Platform_JR0303601	FIS Global	Senior Director of Engineering, Front End Platform	US FL JAX 347	workday-api-fis-SearchJobs	2026-04-27
https://fis.wd5.myworkdayjobs.com/job/US-FL-JAX-347/VP-of-Engineering--Identity---Access-Management-Platform_JR0303604	FIS Global	VP of Engineering, Identity & Access Management Platform	US FL JAX 347	workday-api-fis-SearchJobs	2026-04-27
https://fis.wd5.myworkdayjobs.com/job/US-FL-JAX-347/VP-of-Engineering--API---Event-Management-Platform_JR0303600	FIS Global	VP of Engineering, API & Event Management Platform	US FL JAX 347	workday-api-fis-SearchJobs	2026-04-27
https://fis.wd5.myworkdayjobs.com/job/US-FL-JAX-347/Senior-Director-of-Engineering--Quality-Platform_JR0303602	FIS Global	Senior Director of Engineering, Quality Platform	US FL JAX 347	workday-api-fis-SearchJobs	2026-04-27
https://fis.wd5.myworkdayjobs.com/job/US-GA-ATL-201-STE-900/Presales-Solutions-Architect--Lead---Capital-Markets_JR0306746	FIS Global	Presales Solutions Architect, Lead – Capital Markets	2 Locations	workday-api-fis-SearchJobs	2026-04-27
https://fis.wd5.myworkdayjobs.com/job/US-FL-JAX-347/Director--Client-Success_JR0306357	FIS Global	Director, Client Success	US FL JAX 347	workday-api-fis-SearchJobs	2026-04-27
https://fis.wd5.myworkdayjobs.com/job/IND-BNGL-FL2-3-TWR-3/Senior-Director-of-Engineering--Configuration-Management-Platform_JR0303904-1	FIS Global	Senior Director of Engineering, Configuration Management Platform	IND BNGL FL2-3 TWR 3	workday-api-fis-SearchJobs	2026-04-27
https://fis.wd5.myworkdayjobs.com/job/GBR-LNDN-10-FLR-5/Engineer-Principal--Artificial-Intelligence---Machine-Learning_JR0305401	FIS Global	Head of AI Engineering, Commercial	GBR LNDN 10 FLR 5	workday-api-fis-SearchJobs	2026-04-27
https://fis.wd5.myworkdayjobs.com/job/US-GA-ATL-201-STE-900/Tax-Director_JR0305594	FIS Global	Tax Director	3 Locations	workday-api-fis-SearchJobs	2026-04-27
https://fis.wd5.myworkdayjobs.com/job/US-GA-ATL-201-STE-900/Tax-Director-Senior_JR0305602-1	FIS Global	Tax Director Senior	3 Locations	workday-api-fis-SearchJobs	2026-04-27
https://fis.wd5.myworkdayjobs.com/job/US-FL-JAX-347/Snr-Director--People-Experience-Leader_JR0305170	FIS Global	Snr Director, People Experience Leader	US FL JAX 347	workday-api-fis-SearchJobs	2026-04-27
https://fis.wd5.myworkdayjobs.com/job/US-FL-JAX-347/Pre-Sales-Representative-Sr-Lead--Solutions-Architecture_JR0305805-1	FIS Global	Pre-Sales Representative Sr Lead, Solutions Architecture	2 Locations	workday-api-fis-SearchJobs	2026-04-27
https://fis.wd5.myworkdayjobs.com/job/US-FL-JAX-347/Directors--Business-Process_JR0305733	FIS Global	Directors, Business Process	US FL JAX 347	workday-api-fis-SearchJobs	2026-04-27
https://jobs.ashbyhq.com/nerdwallet/e31fd10a-5535-44dd-988f-154c3741f52b	NerdWallet	Director, Growth & Operations (Wealth)	NerdWallet US, Remote	ashby-api-nerdwallet	2026-04-27
https://evolent.wd1.myworkdayjobs.com/job/Work-at-Home/Director--Business-Development_JR-916082	Evolent Health	Director, Business Development	Work at Home	workday-api-evolent-External	2026-04-27
https://evolent.wd1.myworkdayjobs.com/job/Work-at-Home/Field-Medical-Director--Pain-Management_JR-915568	Evolent Health	Field Medical Director, Interventional Pain Management	Work at Home	workday-api-evolent-External	2026-04-27
https://evolent.wd1.myworkdayjobs.com/job/Work-at-Home/Field-Medical-Director--MSK-Surgery--Orthopedic-Surgery-_JR-915996	Evolent Health	Field Medical Director, MSK Surgery (Orthopedic Surgery)	Work at Home	workday-api-evolent-External	2026-04-27
https://evolent.wd1.myworkdayjobs.com/job/Work-at-Home/Field-Medical-Director--Vacular-Surgery_JR-915990	Evolent Health	Field Medical Director, Vacular Surgery	Work at Home	workday-api-evolent-External	2026-04-27
https://evolent.wd1.myworkdayjobs.com/job/Pittsburgh/Medical-Director--Medical-Oncology-Performance_JR-915269	Evolent Health	Medical Director, Medical Oncology Performance (Pittsburgh and Surrounding area)	2 Locations	workday-api-evolent-External	2026-04-27
https://evolent.wd1.myworkdayjobs.com/job/Work-at-Home/Field-Medical-Director--Oncology_JR-915201	Evolent Health	Field Medical Director, Oncology	Work at Home	workday-api-evolent-External	2026-04-27
https://evolent.wd1.myworkdayjobs.com/job/Work-at-Home/Field-Medical-Director--Cardiology_JR-915490	Evolent Health	Field Medical Director, Cardiology	Work at Home	workday-api-evolent-External	2026-04-27
https://evolent.wd1.myworkdayjobs.com/job/Work-at-Home/Field-Medical-Director--Interventional-Cardiology--Remote-_JR-915489	Evolent Health	Field Medical Director, Interventional Cardiology (Remote)	Work at Home	workday-api-evolent-External	2026-04-27
https://evolent.wd1.myworkdayjobs.com/job/Work-at-Home/Field-Medical-Director--Radiation-Oncology_JR-915920	Evolent Health	Field Medical Director, Radiation Oncology	Work at Home	workday-api-evolent-External	2026-04-27
https://evolent.wd1.myworkdayjobs.com/job/Work-at-Home/Field-Medical-Director--UM-Physical-Medicine_JR-915998	Evolent Health	Field Medical Director, UM Physical Medicine	Work at Home	workday-api-evolent-External	2026-04-27
https://evolent.wd1.myworkdayjobs.com/job/Work-at-Home/Field-Medical-Director--Oncology_JR-915203	Evolent Health	Field Medical Director, Oncology	Work at Home	workday-api-evolent-External	2026-04-27
https://evolent.wd1.myworkdayjobs.com/job/Work-at-Home/Field-Medical-Director--Radiology--Endocrinology-_JR-913811-1	Evolent Health	Field Medical Director, Radiology (Pediatric and Adult Neurology)	Work at Home	workday-api-evolent-External	2026-04-27
https://evolent.wd1.myworkdayjobs.com/job/Work-at-Home/Field-Medical-Director--Cardiology_JR-914632	Evolent Health	Field Medical Director, Cardiology	Work at Home	workday-api-evolent-External	2026-04-27
https://evolent.wd1.myworkdayjobs.com/job/Work-at-Home/Field-Medical-Director---MD-DO-_JR-915080	Evolent Health	Field Medical Director, Radiology - (MD/DO)	Work at Home	workday-api-evolent-External	2026-04-27
https://ntst.wd1.myworkdayjobs.com/job/Overland-Park-KS/Senior-Client-Alignment-Executive--Public-Sector_R015322	Netsmart Technologies	Senior Client Alignment Executive, Public Sector	Overland Park, KS	workday-api-ntst-Careers	2026-04-27
https://ntst.wd1.myworkdayjobs.com/job/Overland-Park-KS/Principal-Architect---Human-Services--Onsite-Overland-Park--KS_R015272	Netsmart Technologies	Principal Architect - Human Services (Onsite)Overland Park, KS	Overland Park, KS	workday-api-ntst-Careers	2026-04-27
https://ntst.wd1.myworkdayjobs.com/job/Overland-Park-KS/Principal-Architect-Post-Acute--Onsite--Overland-Park--KS_R015274	Netsmart Technologies	Principal Architect-Post-Acute (Onsite) Overland Park, KS	Overland Park, KS	workday-api-ntst-Careers	2026-04-27
https://ntst.wd1.myworkdayjobs.com/job/Overland-Park-KS/Senior-Director--AI---Engineering-Onsite--Overland-Park--KS_R015108	Netsmart Technologies	Senior Director, AI & Engineering(Onsite) Overland Park, KS	Overland Park, KS	workday-api-ntst-Careers	2026-04-27
https://ntst.wd1.myworkdayjobs.com/job/Overland-Park-KS/Director-of-Engineering--Onsite--Overland-Park--KS_R015054	Netsmart Technologies	Director of Engineering (Onsite) Overland Park, KS	Overland Park, KS	workday-api-ntst-Careers	2026-04-27
https://ryan.wd1.myworkdayjobs.com/job/Dallas/Federal-Income-Tax-Director--Senior-Manager--Manager--Senior-Consultant_R0017367-1	Ryan LLC (Houston)	Federal Income Tax - Director or Senior Manager	52 Locations	workday-api-ryan-RyanCareers	2026-04-27
https://ryan.wd1.myworkdayjobs.com/job/Washington/Director--Legislature-Affairs_R0019358-1	Ryan LLC (Houston)	Director, Legislative Affairs	57 Locations	workday-api-ryan-RyanCareers	2026-04-27
https://ryan.wd1.myworkdayjobs.com/job/Brussels/Director--Sales--VAT-_R0018710-3	Ryan LLC (Houston)	Director, Sales (VAT)	3 Locations	workday-api-ryan-RyanCareers	2026-04-27
https://ryan.wd1.myworkdayjobs.com/job/Copenhagen/Manager--Tax-Technology-Consulting_R0015199-1	Ryan LLC (Houston)	Director, Tax Technology	4 Locations	workday-api-ryan-RyanCareers	2026-04-27
https://ryan.wd1.myworkdayjobs.com/job/Pittsburgh/Income-Tax-Compliance---Director--Sr-Manager--Manager_R0019150-1	Ryan LLC (Houston)	Income Tax Compliance - Director, Sr. Manager, Manager	37 Locations	workday-api-ryan-RyanCareers	2026-04-27
https://ryan.wd1.myworkdayjobs.com/job/Manchester/Senior-Consultant--Grants_R0015193-1	Ryan LLC (Houston)	Director, Customs and Foreign Trade	Manchester UK	workday-api-ryan-RyanCareers	2026-04-27
https://ryan.wd1.myworkdayjobs.com/job/Dallas/Director--Product-Management-_R0018817-1	Ryan LLC (Houston)	Director, Product Management,	2 Locations	workday-api-ryan-RyanCareers	2026-04-27
https://colliers.wd3.myworkdayjobs.com/job/Dallas-Texas-United-States-of-America/Managing-Director--US-REMS_JR17747	Colliers International Houston	Managing Director, US REMS	Dallas, Texas, United States of America	workday-api-colliers-Colliers-External-Career-Site	2026-04-27
https://colliers.wd3.myworkdayjobs.com/job/New-York-New-York-United-States-of-America/Director--National-Capital-Markets-Research_JR16885	Colliers International Houston	Director, National Capital Markets Research	6 Locations	workday-api-colliers-Colliers-External-Career-Site	2026-04-27
https://colliers.wd3.myworkdayjobs.com/job/Toronto-Ontario-Canada/Job-Posting-Title-Director-Digital-Technology_JR17501	Colliers International Houston	Director Digital Technology	2 Locations	workday-api-colliers-Colliers-External-Career-Site	2026-04-27
https://colliers.wd3.myworkdayjobs.com/job/Toronto-Ontario-Canada/Director--Data-Governance_JR17413-1	Colliers International Houston	Director, Data Governance	2 Locations	workday-api-colliers-Colliers-External-Career-Site	2026-04-27
https://colliers.wd3.myworkdayjobs.com/job/Nashville-Tennessee-United-States-of-America/Director--Project-Management-Service_JR17299	Colliers International Houston	Director, Project Management Service	Nashville, Tennessee, United States of America	workday-api-colliers-Colliers-External-Career-Site	2026-04-27
https://colliers.wd3.myworkdayjobs.com/job/St-Louis-Park-Minnesota-United-States-of-America/Managing-Director---Market-Leader---Minnesota_JR17134	Colliers International Houston	Managing Director / Market Leader - Minnesota	St. Louis Park, Minnesota, United States of America	workday-api-colliers-Colliers-External-Career-Site	2026-04-27
https://colliers.wd3.myworkdayjobs.com/job/Atlanta---1175-Peachtree-St/Managing-Director---Atlanta_JR15937	Colliers International Houston	Managing Director - Atlanta	Atlanta - 1175 Peachtree St	workday-api-colliers-Colliers-External-Career-Site	2026-04-27
https://bakertilly.wd5.myworkdayjobs.com/job/USA-PA-Philadelphia/Business-Development-Director_JR106252-1	BakerTilly	Business Development Director	USA PA Philadelphia	workday-api-bakertilly-BTCareers	2026-04-27
https://bakertilly.wd5.myworkdayjobs.com/job/USA-FL-Remote/Business-Development-Director_JR106253	BakerTilly	Business Development Director	3 Locations	workday-api-bakertilly-BTCareers	2026-04-27
https://bakertilly.wd5.myworkdayjobs.com/job/USA-NY-Remote/Business-Development-Director_JR106248	BakerTilly	Business Development Director	2 Locations	workday-api-bakertilly-BTCareers	2026-04-27
https://bakertilly.wd5.myworkdayjobs.com/job/USA-CA-Los-Angeles-11150-Santa-Monica-Blvd/Business-Development-Director_JR106249	BakerTilly	Business Development Director	3 Locations	workday-api-bakertilly-BTCareers	2026-04-27
https://bakertilly.wd5.myworkdayjobs.com/job/USA-TX-Houston-500-Dallas-St/Business-Development-Director_JR106251	BakerTilly	Business Development Director	USA TX Houston 500 Dallas St	workday-api-bakertilly-BTCareers	2026-04-27
https://bakertilly.wd5.myworkdayjobs.com/job/USA-CA-San-Francisco-50-Fremont-St/Business-Development-Director_JR106247	BakerTilly	Business Development Director	2 Locations	workday-api-bakertilly-BTCareers	2026-04-27
https://bakertilly.wd5.myworkdayjobs.com/job/USA-NY-New-York-City-66-Hudson-Blvd-E/Director--Digital-Transformation_JR106214	BakerTilly	Director, Digital Transformation	USA NY New York City 66 Hudson Blvd E	workday-api-bakertilly-BTCareers	2026-04-27
https://bakertilly.wd5.myworkdayjobs.com/job/USA-TX-Austin/Director--Accounting-and-Financial-Advisory-Services_JR106149	BakerTilly	Director, Accounting and Financial Advisory Services	6 Locations	workday-api-bakertilly-BTCareers	2026-04-27
https://bakertilly.wd5.myworkdayjobs.com/job/USA-CA-Irvine-2050-Main-St/Managing-Director---CFO-Accounting-Advisory_JR105779	BakerTilly	Managing Director - CFO Accounting Advisory	2 Locations	workday-api-bakertilly-BTCareers	2026-04-27
https://bakertilly.wd5.myworkdayjobs.com/job/USA-CA-Los-Angeles-11150-Santa-Monica-Blvd/Director---Corporate-Finance-Advisory_JR105909	BakerTilly	Director - Corporate Finance Advisory	5 Locations	workday-api-bakertilly-BTCareers	2026-04-27
https://bakertilly.wd5.myworkdayjobs.com/job/USA-IL-Remote/Director--State---Local-Tax--Indirect-Tax_JR104984	BakerTilly	Director, State & Local Tax- Indirect Tax	4 Locations	workday-api-bakertilly-BTCareers	2026-04-27
https://bakertilly.wd5.myworkdayjobs.com/job/USA-UT-Lehi/Managing-Director--Tax_JR105886	BakerTilly	Managing Director, Tax	USA UT Lehi	workday-api-bakertilly-BTCareers	2026-04-27
https://bakertilly.wd5.myworkdayjobs.com/job/USA-NY-New-York-City-66-Hudson-Blvd-E/Tax-Managing-Director--Commercial-Services-_JR105550	BakerTilly	Tax Managing Director (Commercial Services)	USA NY New York City 66 Hudson Blvd E	workday-api-bakertilly-BTCareers	2026-04-27
https://bakertilly.wd5.myworkdayjobs.com/job/USA-IL-Remote/Risk-Advisory-Services-Managing-Director_JR105234	BakerTilly	Risk Advisory Services Managing Director	5 Locations	workday-api-bakertilly-BTCareers	2026-04-27
https://bakertilly.wd5.myworkdayjobs.com/job/USA-NY-New-York-City-66-Hudson-Blvd-E/Risk-Advisory-Services-Managing-Director_JR105259	BakerTilly	Risk Advisory Services Managing Director	USA NY New York City 66 Hudson Blvd E	workday-api-bakertilly-BTCareers	2026-04-27
https://bakertilly.wd5.myworkdayjobs.com/job/USA-TX-Houston-500-Dallas-St/Risk-Advisory-Services-Managing-Director_JR105260	BakerTilly	Risk Advisory Services Managing Director	USA TX Houston 500 Dallas St	workday-api-bakertilly-BTCareers	2026-04-27
https://bakertilly.wd5.myworkdayjobs.com/job/USA-MA-Tewksbury/Risk-Advisory-Services-Managing-Director_JR105258	BakerTilly	Risk Advisory Services Managing Director	4 Locations	workday-api-bakertilly-BTCareers	2026-04-27
https://bakertilly.wd5.myworkdayjobs.com/job/USA-NY-New-York-City-307-Fifth-Ave/Transaction-Services-Managing-Director_JR104723	BakerTilly	Transaction Services Managing Director	USA NY New York City 307 Fifth Ave	workday-api-bakertilly-BTCareers	2026-04-27
https://bakertilly.wd5.myworkdayjobs.com/job/USA-NY-New-York-City-66-Hudson-Blvd-E/Managing-Director--Client-Accounting-Services---Private-Equity-Fund-Services_JR103043	BakerTilly	Managing Director, Managed Services - Private Equity Fund Services	USA NY New York City 66 Hudson Blvd E	workday-api-bakertilly-BTCareers	2026-04-27
https://bakertilly.wd5.myworkdayjobs.com/job/USA-TX-Houston-500-Dallas-St/Director---Corporate-Finance-Advisory_JR105994	BakerTilly	Director - Corporate Finance Advisory	USA TX Houston 500 Dallas St	workday-api-bakertilly-BTCareers	2026-04-27
https://bakertilly.wd5.myworkdayjobs.com/job/USA-TX-Frisco/Director--Transitions-Process-Team-Leader---Managed-Services_JR105167	BakerTilly	Director, Transitions - Accounting Process Team Leader – Managed Services	2 Locations	workday-api-bakertilly-BTCareers	2026-04-27
https://bakertilly.wd5.myworkdayjobs.com/job/USA-NY-New-York-City-66-Hudson-Blvd-E/Director--Transaction-Advisory-Services_JR105947	BakerTilly	Director, Transaction Advisory Services	USA NY New York City 66 Hudson Blvd E	workday-api-bakertilly-BTCareers	2026-04-27
https://bakertilly.wd5.myworkdayjobs.com/job/USA-CA-Walnut-Creek-1340-Treat-Blvd/Tax-Director--NorCal-Corporate-Tax_JR104006	BakerTilly	Tax Director, NorCal Corporate Tax	4 Locations	workday-api-bakertilly-BTCareers	2026-04-27
