https://job-boards.greenhouse.io/twilio/jobs/7819432	Twilio	Director, GTM Business Architecture	Remote - US	greenhouse-api-twilio	2026-04-20
https://job-boards.greenhouse.io/twilio/jobs/7705877	Twilio	Director of North America, Pre-Sales Platform Specialists	Remote - US	greenhouse-api-twilio	2026-04-20
https://job-boards.greenhouse.io/twilio/jobs/7565884	Twilio	Director, Product Management	Remote - US	greenhouse-api-twilio	2026-04-20
https://job-boards.greenhouse.io/twilio/jobs/7435334	Twilio	HRBP Director, Product Management	Remote - US	greenhouse-api-twilio	2026-04-20
https://job-boards.greenhouse.io/twilio/jobs/7641333	Twilio	New Business Account Executive - Public Sector	Remote - US	greenhouse-api-twilio	2026-04-20
https://job-boards.greenhouse.io/gleanwork/jobs/4685575005	Glean	Enterprise Regional Director, Southeast	Atlanta, GA	greenhouse-api-glean	2026-04-20
https://job-boards.greenhouse.io/gleanwork/jobs/4663045005	Glean	Partner Solutions Architect	Remote - US	greenhouse-api-glean	2026-04-20
https://job-boards.greenhouse.io/gleanwork/jobs/4482380005	Glean	Product Manager, Connectors	San Francisco Bay Area	greenhouse-api-glean	2026-04-20
https://job-boards.greenhouse.io/gleanwork/jobs/4591195005	Glean	Public Sector Solutions Engineer, SLED	Washington, DC	greenhouse-api-glean	2026-04-20
https://job-boards.greenhouse.io/gleanwork/jobs/4685389005	Glean	Public Sector Solutions Engineer, SLED	Austin, TX	greenhouse-api-glean	2026-04-20
https://job-boards.greenhouse.io/gleanwork/jobs/4657199005	Glean	Senior Technical Program Manager, Connectors	Palo Alto, CA	greenhouse-api-glean	2026-04-20
https://job-boards.greenhouse.io/gleanwork/jobs/4508312005	Glean	Solutions Architect 	Remote - US	greenhouse-api-glean	2026-04-20
https://job-boards.greenhouse.io/gleanwork/jobs/4664302005	Glean	Strategic Federal Account Executive, Public Sector (DIB)	Washington, DC	greenhouse-api-glean	2026-04-20
https://job-boards.greenhouse.io/celonis/jobs/7493399003?gh_jid=7493399003	Celonis	Account Executive - Public Sector	Remote, US, Washington DC	greenhouse-api-celonis	2026-04-20
https://job-boards.greenhouse.io/celonis/jobs/7528112003?gh_jid=7528112003	Celonis	Client Value Partner (CVP) - Public Sector	Remote, US, Virginia	greenhouse-api-celonis	2026-04-20
https://job-boards.greenhouse.io/celonis/jobs/7620467003?gh_jid=7620467003	Celonis	Director of Professional Services - High Tech	Redwood City, US, California	greenhouse-api-celonis	2026-04-20
https://job-boards.greenhouse.io/celonis/jobs/7507911003?gh_jid=7507911003	Celonis	Director, Value Engineering - Financial Services	New York, US, New York	greenhouse-api-celonis	2026-04-20
https://job-boards.greenhouse.io/celonis/jobs/7665022003?gh_jid=7665022003	Celonis	Enterprise Architecture Director	New York, US, New York	greenhouse-api-celonis	2026-04-20
https://job-boards.greenhouse.io/celonis/jobs/7686194003?gh_jid=7686194003	Celonis	Lead Consultant - Public Sector	Remote, US, Washington DC	greenhouse-api-celonis	2026-04-20
https://job-boards.greenhouse.io/celonis/jobs/6719678003?gh_jid=6719678003	Celonis	Principal Enterprise Architect	Raleigh, US, North Carolina	greenhouse-api-celonis	2026-04-20
https://job-boards.greenhouse.io/celonis/jobs/5950671003?gh_jid=5950671003	Celonis	Principal Enterprise Architect	New York, US, New York	greenhouse-api-celonis	2026-04-20
https://job-boards.greenhouse.io/celonis/jobs/7479313003?gh_jid=7479313003	Celonis	Principal Enterprise Architect (Public Sector)	Remote, US, Washington DC	greenhouse-api-celonis	2026-04-20
https://job-boards.greenhouse.io/celonis/jobs/7686200003?gh_jid=7686200003	Celonis	Senior Consultant - Public Sector	Remote, US, Washington DC	greenhouse-api-celonis	2026-04-20
https://job-boards.greenhouse.io/celonis/jobs/7672261003?gh_jid=7672261003	Celonis	Senior Solutions Architect	Remote, US, Virginia	greenhouse-api-celonis	2026-04-20
https://job-boards.greenhouse.io/celonis/jobs/7662611003?gh_jid=7662611003	Celonis	Senior Value Engineer - Public Sector	Redwood City, US, California	greenhouse-api-celonis	2026-04-20
https://job-boards.greenhouse.io/celonis/jobs/7688214003?gh_jid=7688214003	Celonis	Senior Value Engineer (Public Sector) - Sacramento, CA	Remote, US, California	greenhouse-api-celonis	2026-04-20
https://job-boards.greenhouse.io/airtable/jobs/8451713002	Airtable	Associate Program Manager, Digital Programs (Contractor)	Remote - US	greenhouse-api-airtable	2026-04-20
https://job-boards.greenhouse.io/airtable/jobs/8503811002	Airtable	Performance Marketing Specialist Contractor	Remote - US	greenhouse-api-airtable	2026-04-20
https://job-boards.greenhouse.io/airtable/jobs/8382158002	Airtable	Program Manager, AI Programs	Remote - US	greenhouse-api-airtable	2026-04-20
https://job-boards.greenhouse.io/airtable/jobs/8461582002	Airtable	Senior Partner Solutions Architect	London; US-Remote	greenhouse-api-airtable	2026-04-20
https://job-boards.greenhouse.io/airtable/jobs/8487502002	Airtable	Senior Solutions Architect	San Francisco, CA; New York, NY; Remote - US	greenhouse-api-airtable	2026-04-20
https://job-boards.greenhouse.io/nttdatausa/jobs/8506762002	NTT DATA (Americas)	IT Solutions Architects	Arlington, Virginia, United States	greenhouse-api-nttdatausa	2026-04-20
https://jobs.ashbyhq.com/nerdwallet/0bb0c344-547c-4eee-81dd-ad6af5314732	NerdWallet	Director, Product Management (Data)	NerdWallet US, Remote	ashby-api-nerdwallet	2026-04-20
https://jobs.ashbyhq.com/deel/1d6939eb-93c8-49b4-821c-4b92b6941ab6	Deel	Associate Strategic Corporate Development Director	North America, USA, Remote	ashby-api-deel	2026-04-20
https://jobs.ashbyhq.com/deel/c5c0329f-040e-400e-908f-b7c3c20fd84f	Deel	Associate Director, Sales Operations	USA, UK, Spain, France, Ireland, Portugal, Remote	ashby-api-deel	2026-04-20
https://jobs.ashbyhq.com/deel/7b91a358-7393-4cfa-b594-c5d2aa4c2a53	Deel	People M&A Director	USA, EMEA, Remote	ashby-api-deel	2026-04-20
